{
  "__type__": "cc.Mesh",
  "_name": "",
  "_objFlags": 0,
  "_native": ".bin",
  "_struct": {
    "primitives": [
      {
        "primitiveMode": 7,
        "vertexBundelIndices": [
          0
        ],
        "geometricInfo": {
          "view": {
            "offset": 5808,
            "length": 1452,
            "count": 363,
            "stride": 4
          }
        },
        "indexView": {
          "offset": 7260,
          "length": 1200,
          "count": 600,
          "stride": 2
        }
      }
    ],
    "vertexBundles": [
      {
        "view": {
          "offset": 0,
          "length": 5808,
          "count": 121,
          "stride": 48
        },
        "attributes": [
          {
            "name": "a_normal",
            "format": 32,
            "isNormalized": false
          },
          {
            "name": "a_position",
            "format": 32,
            "isNormalized": false
          },
          {
            "name": "a_texCoord",
            "format": 21,
            "isNormalized": false
          },
          {
            "name": "a_tangent",
            "format": 32,
            "isNormalized": false
          }
        ]
      }
    ],
    "minPosition": {
      "__type__": "cc.Vec3",
      "x": -5,
      "y": 0,
      "z": -5
    },
    "maxPosition": {
      "__type__": "cc.Vec3",
      "x": 5,
      "y": 0,
      "z": 5
    }
  },
  "_dataLength": 8460
}