[{"__type__":"cc.SceneAsset","_name":"","_objFlags":0,"_native":"","scene":{"__id__":1},"asyncLoadAssets":false},{"__type__":"cc.Scene","_name":"","_objFlags":0,"_parent":null,"_children":[{"__id__":2},{"__id__":4},{"__id__":11},{"__id__":27}],"_active":true,"_components":[],"_prefab":null,"_lpos":{"__type__":"cc.Vec3","x":0,"y":0,"z":0},"_lrot":{"__type__":"cc.Quat","x":0,"y":0,"z":0,"w":1},"_lscale":{"__type__":"cc.Vec3","x":1,"y":1,"z":1},"_layer":1,"_euler":{"__type__":"cc.Vec3","x":0,"y":0,"z":0},"autoReleaseAssets":false,"_globals":{"__id__":35},"_id":"99981bcc-54e3-4a89-8c9a-f55a66d972e8"},{"__type__":"cc.Node","_name":"Main Light","_objFlags":0,"_parent":{"__id__":1},"_children":[],"_active":true,"_components":[{"__id__":3}],"_prefab":null,"_lpos":{"__type__":"cc.Vec3","x":0,"y":0,"z":0},"_lrot":{"__type__":"cc.Quat","x":-0.08619841216052426,"y":0.14724695169538116,"z":0.012882439012095185,"w":0.9852523594097718},"_lscale":{"__type__":"cc.Vec3","x":1,"y":1,"z":1},"_layer":1073741825,"_euler":{"__type__":"cc.Vec3","x":-10,"y":17,"z":0},"_id":"c0y6F5f+pAvI805TdmxIjx"},{"__type__":"cc.DirectionalLightComponent","_name":"","_objFlags":0,"node":{"__id__":2},"_enabled":true,"_color":{"__type__":"cc.Color","r":255,"g":255,"b":255,"a":255},"_useColorTemperature":false,"_colorTemperature":6550,"_illuminance":65000,"_id":"597uMYCbhEtJQc0ffJlcgA"},{"__type__":"cc.Node","_name":"Player","_objFlags":0,"_parent":{"__id__":1},"_children":[{"__id__":5},{"__id__":8}],"_active":true,"_components":[{"__id__":10}],"_prefab":null,"_lpos":{"__type__":"cc.Vec3","x":0,"y":0,"z":0},"_lrot":{"__type__":"cc.Quat","x":0,"y":0,"z":0,"w":1},"_lscale":{"__type__":"cc.Vec3","x":1,"y":1,"z":1},"_layer":1073741824,"_euler":{"__type__":"cc.Vec3","x":0,"y":0,"z":0},"_id":"e8CRmanD1Lf6UenY6rz7j5"},{"__type__":"cc.Node","_name":"Body","_objFlags":0,"_parent":{"__id__":4},"_children":[],"_active":true,"_components":[{"__id__":6},{"__id__":7}],"_prefab":null,"_lpos":{"__type__":"cc.Vec3","x":0,"y":0,"z":0},"_lrot":{"__type__":"cc.Quat","x":0,"y":0,"z":0,"w":1},"_lscale":{"__type__":"cc.Vec3","x":1,"y":1,"z":1},"_layer":1073741825,"_euler":{"__type__":"cc.Vec3","x":0,"y":0,"z":0},"_id":"4aI+egEllFB7cdzI0OyNkl"},{"__type__":"cc.ModelComponent","_name":"Capsule<ModelComponent>","_objFlags":0,"node":{"__id__":5},"_enabled":true,"_materials":[{"__uuid__":"d3c7820c-2a98-4429-8bc7-b8453bc9ac41"}],"_visFlags":0,"_mesh":{"__uuid__":"1263d74c-8167-4928-91a6-4e2672411f47@capsule.mesh"},"_shadowCastingMode":1,"_receiveShadows":false,"_id":"d3UvB/fQtBWYyXWCkBN7G0"},{"__type__":"cc.AnimationComponent","_name":"Body<AnimationComponent>","_objFlags":0,"node":{"__id__":5},"_enabled":true,"playOnLoad":false,"_clips":[{"__uuid__":"355f7f01-f38a-4747-a06a-8c4bec187b7c"},{"__uuid__":"3975604d-dc3e-4246-a5ab-1218397b6b9a"}],"_defaultClip":null,"_id":"0aAM8Vi/tBNITZr9BQpzz2"},{"__type__":"cc.Node","_name":"Camera","_objFlags":0,"_parent":{"__id__":4},"_children":[],"_active":true,"_components":[{"__id__":9}],"_prefab":null,"_lpos":{"__type__":"cc.Vec3","x":0,"y":0,"z":13},"_lrot":{"__type__":"cc.Quat","x":0,"y":0,"z":0,"w":1},"_lscale":{"__type__":"cc.Vec3","x":1,"y":1,"z":1},"_layer":1073741825,"_euler":{"__type__":"cc.Vec3","x":0,"y":0,"z":0},"_id":"c9DMICJLFO5IeO07EPon7U"},{"__type__":"cc.CameraComponent","_name":"","_objFlags":0,"node":{"__id__":8},"_enabled":true,"_projection":1,"_priority":0,"_fov":45,"_orthoHeight":10,"_near":1,"_far":1000,"_color":{"__type__":"cc.Color","r":50,"g":90,"b":255,"a":255},"_depth":1,"_stencil":0,"_clearFlags":7,"_rect":{"__type__":"cc.Rect","x":0,"y":0,"width":1,"height":1},"_screenScale":1,"_visibility":1619001344,"_targetTexture":null,"_id":"7dWQTpwS5LrIHnc1zAPUtf"},{"__type__":"23166ctTk1PKJ9ZwmIxBOVG","_name":"","_objFlags":0,"node":{"__id__":4},"_enabled":true,"BodyAnim":{"__id__":7},"_id":"19LyRn5oBCOq56RNe2vrUT"},{"__type__":"cc.Node","_name":"Canvas","_objFlags":0,"_parent":{"__id__":1},"_children":[{"__id__":12},{"__id__":30}],"_active":true,"_components":[{"__id__":33},{"__id__":34}],"_prefab":null,"_lpos":{"__type__":"cc.Vec3","x":480,"y":320,"z":1},"_lrot":{"__type__":"cc.Quat","x":0,"y":0,"z":0,"w":1},"_lscale":{"__type__":"cc.Vec3","x":1,"y":1,"z":1},"_layer":1082130433,"_euler":{"__type__":"cc.Vec3","x":0,"y":0,"z":0},"_id":"16NOU2ertEPoMlkyLyfxJl"},{"__type__":"cc.Node","_name":"StartMenu","_objFlags":0,"_parent":{"__id__":11},"_children":[{"__id__":13},{"__id__":16},{"__id__":19}],"_active":true,"_components":[{"__id__":32}],"_prefab":null,"_lpos":{"__type__":"cc.Vec3","x":0,"y":0,"z":-1},"_lrot":{"__type__":"cc.Quat","x":0,"y":0,"z":0,"w":1},"_lscale":{"__type__":"cc.Vec3","x":1,"y":1,"z":1},"_layer":1082130432,"_euler":{"__type__":"cc.Vec3","x":0,"y":0,"z":0},"_id":"5crUCWPZdC/4hesD1sWeH0"},{"__type__":"cc.Node","_name":"BGSprite","_objFlags":0,"_parent":{"__id__":12},"_children":[],"_active":true,"_components":[{"__id__":14},{"__id__":15}],"_prefab":null,"_lpos":{"__type__":"cc.Vec3","x":0,"y":0,"z":1},"_lrot":{"__type__":"cc.Quat","x":0,"y":0,"z":0,"w":1},"_lscale":{"__type__":"cc.Vec3","x":1,"y":1,"z":1},"_layer":1082130433,"_euler":{"__type__":"cc.Vec3","x":0,"y":0,"z":0},"_id":"d28aSYNKdJMIKkNEuI1d4p"},{"__type__":"cc.UITransformComponent","_name":"","_objFlags":0,"node":{"__id__":13},"_enabled":true,"_contentSize":{"__type__":"cc.Size","width":200,"height":200},"_anchorPoint":{"__type__":"cc.Vec2","x":0.5,"y":0.5},"_id":"12W7FB9b1PRI4kM2998VO9"},{"__type__":"cc.SpriteComponent","_name":"","_objFlags":0,"node":{"__id__":13},"_enabled":true,"_priority":0,"_srcBlendFactor":2,"_dstBlendFactor":4,"_color":{"__type__":"cc.Color","r":255,"g":255,"b":255,"a":255},"_sharedMaterial":null,"_spriteFrame":{"__uuid__":"7d8f9b89-4fd1-4c9f-a3ab-38ec7cded7ca@spriteFrame"},"_type":0,"_fillType":0,"_sizeMode":0,"_fillCenter":{"__type__":"cc.Vec2","x":0,"y":0},"_fillStart":0,"_fillRange":0,"_isTrimmedMode":true,"_atlas":null,"_id":"5bidxSsKdNxphElWV7kJCO"},{"__type__":"cc.Node","_name":"TitleLabel","_objFlags":0,"_parent":{"__id__":12},"_children":[],"_active":true,"_components":[{"__id__":17},{"__id__":18}],"_prefab":null,"_lpos":{"__type__":"cc.Vec3","x":0,"y":70,"z":0},"_lrot":{"__type__":"cc.Quat","x":0,"y":0,"z":0,"w":1},"_lscale":{"__type__":"cc.Vec3","x":1,"y":1,"z":1},"_layer":1082130433,"_euler":{"__type__":"cc.Vec3","x":0,"y":0,"z":0},"_id":"cfHB3yiENJ5KXwLpUy7EyG"},{"__type__":"cc.UITransformComponent","_name":"","_objFlags":0,"node":{"__id__":16},"_enabled":true,"_contentSize":{"__type__":"cc.Size","width":160,"height":40},"_anchorPoint":{"__type__":"cc.Vec2","x":0.5,"y":0.5},"_id":"e0593RZ9JMl5qXG75T3MT+"},{"__type__":"cc.LabelComponent","_name":"","_objFlags":0,"node":{"__id__":16},"_enabled":true,"_priority":0,"_srcBlendFactor":2,"_dstBlendFactor":4,"_color":{"__type__":"cc.Color","r":0,"g":0,"b":0,"a":255},"_sharedMaterial":null,"_useOriginalSize":true,"_string":"一步两步","_horizontalAlign":0,"_verticalAlign":0,"_actualFontSize":40,"_fontSize":40,"_fontFamily":"Arial","_lineHeight":40,"_overflow":0,"_enableWrapText":true,"_font":null,"_isSystemFontUsed":true,"_isItalic":false,"_isBold":false,"_isUnderline":false,"_cacheMode":0,"_id":"8agkPISsFBg5ELSOI21cf6"},{"__type__":"cc.Node","_name":"PlayButton","_objFlags":0,"_parent":{"__id__":12},"_children":[{"__id__":20}],"_active":true,"_components":[{"__id__":23},{"__id__":24},{"__id__":25}],"_prefab":null,"_lpos":{"__type__":"cc.Vec3","x":0,"y":0,"z":1},"_lrot":{"__type__":"cc.Quat","x":0,"y":0,"z":0,"w":1},"_lscale":{"__type__":"cc.Vec3","x":1,"y":1,"z":1},"_layer":1082130432,"_euler":{"__type__":"cc.Vec3","x":0,"y":0,"z":0},"_id":"9cqOPhNpFFx7+VatcX7RYG"},{"__type__":"cc.Node","_name":"Label","_objFlags":0,"_parent":{"__id__":19},"_children":[],"_active":true,"_components":[{"__id__":21},{"__id__":22}],"_prefab":null,"_lpos":{"__type__":"cc.Vec3","x":0,"y":0,"z":0},"_lrot":{"__type__":"cc.Quat","x":0,"y":0,"z":0,"w":1},"_lscale":{"__type__":"cc.Vec3","x":1,"y":1,"z":1},"_layer":1082130432,"_euler":{"__type__":"cc.Vec3","x":0,"y":0,"z":0},"_id":"b6qBSzQ6JNP4n9vLS20waj"},{"__type__":"cc.UITransformComponent","_name":"","_objFlags":0,"node":{"__id__":20},"_enabled":true,"_contentSize":{"__type__":"cc.Size","width":100,"height":40},"_anchorPoint":{"__type__":"cc.Vec2","x":0.5,"y":0.5},"_id":"5dEIIcmy5L9Ju49euqBcNe"},{"__type__":"cc.LabelComponent","_name":"","_objFlags":0,"node":{"__id__":20},"_enabled":true,"_priority":0,"_srcBlendFactor":2,"_dstBlendFactor":4,"_color":{"__type__":"cc.Color","r":0,"g":0,"b":0,"a":255},"_sharedMaterial":null,"_useOriginalSize":true,"_string":"Play","_horizontalAlign":1,"_verticalAlign":1,"_actualFontSize":20,"_fontSize":20,"_fontFamily":"Arial","_lineHeight":40,"_overflow":1,"_enableWrapText":false,"_font":null,"_isSystemFontUsed":true,"_isItalic":false,"_isBold":false,"_isUnderline":false,"_cacheMode":0,"_id":"97LBvCOQlIP5ZwXAq2360d"},{"__type__":"cc.UITransformComponent","_name":"","_objFlags":0,"node":{"__id__":19},"_enabled":true,"_contentSize":{"__type__":"cc.Size","width":100,"height":40},"_anchorPoint":{"__type__":"cc.Vec2","x":0.5,"y":0.5},"_id":"dfDKlLncFMXJAXSrhMzJsi"},{"__type__":"cc.SpriteComponent","_name":"","_objFlags":0,"node":{"__id__":19},"_enabled":true,"_priority":0,"_srcBlendFactor":2,"_dstBlendFactor":4,"_color":{"__type__":"cc.Color","r":255,"g":255,"b":255,"a":255},"_sharedMaterial":null,"_spriteFrame":{"__uuid__":"20835ba4-6145-4fbc-a58a-051ce700aa3e@spriteFrame"},"_type":1,"_fillType":0,"_sizeMode":0,"_fillCenter":{"__type__":"cc.Vec2","x":0,"y":0},"_fillStart":0,"_fillRange":0,"_isTrimmedMode":true,"_atlas":null,"_id":"38gjgS7RRL14ZXwHn8hCwm"},{"__type__":"cc.ButtonComponent","_name":"","_objFlags":0,"node":{"__id__":19},"_enabled":true,"clickEvents":[{"__id__":26}],"_interactable":true,"_transition":2,"_normalColor":{"__type__":"cc.Color","r":214,"g":214,"b":214,"a":255},"_hoverColor":{"__type__":"cc.Color","r":211,"g":211,"b":211,"a":255},"_pressColor":{"__type__":"cc.Color","r":255,"g":255,"b":255,"a":255},"_disabledColor":{"__type__":"cc.Color","r":124,"g":124,"b":124,"a":255},"_normalSprite":{"__uuid__":"20835ba4-6145-4fbc-a58a-051ce700aa3e@spriteFrame"},"_hoverSprite":{"__uuid__":"20835ba4-6145-4fbc-a58a-051ce700aa3e@spriteFrame"},"_pressedSprite":{"__uuid__":"544e49d6-3f05-4fa8-9a9e-091f98fc2ce8@spriteFrame"},"_disabledSprite":{"__uuid__":"951249e0-9f16-456d-8b85-a6ca954da16b@spriteFrame"},"_duration":0.1,"_zoomScale":1.2,"_target":{"__id__":19},"_id":"d50LcMh/9G+ZRi3wLiSz5F"},{"__type__":"cc.ClickEvent","target":{"__id__":27},"component":"","_componentId":"d48e0fASpVFyaKWFGXMSyNR","handler":"onStartButtonClicked","customEventData":""},{"__type__":"cc.Node","_name":"GameMgr","_objFlags":0,"_parent":{"__id__":1},"_children":[],"_active":true,"_components":[{"__id__":28}],"_prefab":null,"_lpos":{"__type__":"cc.Vec3","x":0,"y":0,"z":0},"_lrot":{"__type__":"cc.Quat","x":0,"y":0,"z":0,"w":1},"_lscale":{"__type__":"cc.Vec3","x":1,"y":1,"z":1},"_layer":1073741824,"_euler":{"__type__":"cc.Vec3","x":0,"y":0,"z":0},"_id":"f0KjzNbwRG8oZbRwd0VOd4"},{"__type__":"d48e0fASpVFyaKWFGXMSyNR","_name":"","_objFlags":0,"node":{"__id__":27},"_enabled":true,"cuberPrfb":{"__uuid__":"409d99e7-de19-40cc-b3c6-1f3321514653"},"roadLength":50,"playerCtrl":{"__id__":10},"startMenu":{"__id__":12},"stepLabel":{"__id__":29},"_id":"bcMLj+TVhKAaC3440OnFkF"},{"__type__":"cc.LabelComponent","_name":"","_objFlags":0,"node":{"__id__":30},"_enabled":true,"_priority":0,"_srcBlendFactor":2,"_dstBlendFactor":4,"_color":{"__type__":"cc.Color","r":255,"g":255,"b":255,"a":255},"_sharedMaterial":null,"_useOriginalSize":true,"_string":"0","_horizontalAlign":0,"_verticalAlign":0,"_actualFontSize":50,"_fontSize":50,"_fontFamily":"Arial","_lineHeight":60,"_overflow":0,"_enableWrapText":true,"_font":null,"_isSystemFontUsed":true,"_isItalic":false,"_isBold":false,"_isUnderline":false,"_cacheMode":0,"_id":"23X15Y33FER5/f8EosgrBS"},{"__type__":"cc.Node","_name":"StepLabel","_objFlags":0,"_parent":{"__id__":11},"_children":[],"_active":true,"_components":[{"__id__":31},{"__id__":29}],"_prefab":null,"_lpos":{"__type__":"cc.Vec3","x":0,"y":276,"z":0},"_lrot":{"__type__":"cc.Quat","x":0,"y":0,"z":0,"w":1},"_lscale":{"__type__":"cc.Vec3","x":1,"y":1,"z":1},"_layer":1082130433,"_euler":{"__type__":"cc.Vec3","x":0,"y":0,"z":0},"_id":"46PFRmijRLiba2yYDJKmkm"},{"__type__":"cc.UITransformComponent","_name":"","_objFlags":0,"node":{"__id__":30},"_enabled":true,"_contentSize":{"__type__":"cc.Size","width":27.81,"height":60},"_anchorPoint":{"__type__":"cc.Vec2","x":0.5,"y":0.5},"_id":"3fOjLJM2VGCoCvvKjwBs8h"},{"__type__":"cc.UITransformComponent","_name":"","_objFlags":0,"node":{"__id__":12},"_enabled":true,"_contentSize":{"__type__":"cc.Size","width":100,"height":100},"_anchorPoint":{"__type__":"cc.Vec2","x":0.5,"y":0.5},"_id":"bffy36vABOhI/b1+VbO9dy"},{"__type__":"cc.UITransformComponent","_name":"","_objFlags":0,"node":{"__id__":11},"_enabled":true,"_contentSize":{"__type__":"cc.Size","width":960,"height":640},"_anchorPoint":{"__type__":"cc.Vec2","x":0.5,"y":0.5},"_id":"e8d2vgkzFPUZKLw4fPL9wy"},{"__type__":"cc.CanvasComponent","_name":"","_objFlags":0,"node":{"__id__":11},"_enabled":true,"_priority":0,"_targetTexture":null,"_id":"fb0q9HhTNMPYJcixWWaXhW"},{"__type__":"cc.SceneGlobals","ambient":{"__id__":36},"skybox":{"__id__":37},"planarShadows":{"__id__":38}},{"__type__":"cc.AmbientInfo","_skyColor":{"__type__":"cc.Color","r":51,"g":128,"b":204,"a":1},"_skyIllum":20000,"_groundAlbedo":{"__type__":"cc.Color","r":51,"g":51,"b":51,"a":255}},{"__type__":"cc.SkyboxInfo","_envmap":null,"_isRGBE":false,"_enabled":false,"_useIBL":false},{"__type__":"cc.PlanarShadowInfo","_enabled":true,"_normal":{"__type__":"cc.Vec3","x":0,"y":0,"z":1},"_distance":-1,"_shadowColor":{"__type__":"cc.Color","r":0,"g":0,"b":0,"a":76}}]