{
  "current-scene": "99981bcc-54e3-4a89-8c9a-f55a66d972e8",
  "gizmos-infos": {
    "iconGizmoSize": 2,
    "isGridVisible": true,
    "isIconGizmo3D": false
  },
  "camera-infos": {
    "99981bcc-54e3-4a89-8c9a-f55a66d972e8": {
      "position": {
        "x": 3.3553322079836962,
        "y": 3.3553322079836962,
        "z": 3.3553322079836962
      },
      "rotation": {
        "w": 0.8804762392171493,
        "x": -0.27984814233312133,
        "y": 0.3647051996310009,
        "z": 0.11591689595929514
      },
      "viewCenter": {
        "x": 0,
        "y": 0,
        "z": 0
      }
    },
    "f46876e4-e81b-4931-b493-6d367be385e7": {
      "position": {
        "x": 50,
        "y": 50,
        "z": 50
      },
      "rotation": {
        "w": 0.8804762392171493,
        "x": -0.27984814233312133,
        "y": 0.3647051996310009,
        "z": 0.11591689595929514
      },
      "viewCenter": {
        "x": 0,
        "y": 0,
        "z": 0
      }
    }
  },
  "camera-uuids": [
    "f46876e4-e81b-4931-b493-6d367be385e7",
    "99981bcc-54e3-4a89-8c9a-f55a66d972e8"
  ]
}
