{
  "__type__": "cc.AnimationClip",
  "_name": "TwoStep",
  "_objFlags": 0,
  "_native": "",
  "sample": 60,
  "speed": 1,
  "wrapMode": 1,
  "_curves": [
    {
      "modifiers": [
        "position"
      ],
      "data": {
        "keys": 0,
        "values": [
          {
            "__type__": "cc.Vec3",
            "x": 0,
            "y": 0,
            "z": 0
          },
          {
            "__type__": "cc.Vec3",
            "x": 0,
            "y": 1,
            "z": 0
          },
          {
            "__type__": "cc.Vec3",
            "x": 0,
            "y": 0,
            "z": 0
          }
        ],
        "easingMethods": [
          null,
          null,
          null
        ]
      }
    }
  ],
  "events": [],
  "_duration": 0.1,
  "_keys": [
    [
      0,
      0.05,
      0.1
    ]
  ],
  "_stepness": 0
}