{
  "__type__": "cc.EffectAsset",
  "_name": "editor/terrain-circle-brush",
  "_objFlags": 0,
  "_native": "",
  "techniques": [
    {
      "name": "transparent",
      "passes": [
        {
          "blendState": {
            "targets": [
              {
                "blend": true,
                "blendSrc": 2,
                "blendDst": 4,
                "blendDstAlpha": 4
              }
            ]
          },
          "program": "editor/terrain-circle-brush|terrain-brush-vs:vert|terrain-brush-fs:frag",
          "depthStencilState": {
            "depthTest": true,
            "depthWrite": false
          },
          "properties": {
            "BrushPos": {
              "value": [
                0,
                0,
                0,
                1
              ],
              "type": 16
            },
            "BrushParams": {
              "value": [
                2.5,
                2.5,
                0,
                0
              ],
              "type": 16
            }
          }
        }
      ]
    }
  ],
  "shaders": [
    {
      "hash": 502409078,
      "glsl3": {
        "vert": "\nprecision mediump float;\nuniform CCGlobal {\n  vec4 cc_time;\n\n  vec4 cc_screenSize;\n\n  vec4 cc_screenScale;\n\n  vec4 cc_nativeSize;\n\n  mat4 cc_matView;\n\n  mat4 cc_matViewInv;\n\n  mat4 cc_matProj;\n\n  mat4 cc_matProjInv;\n\n  mat4 cc_matViewProj;\n\n  mat4 cc_matViewProjInv;\n\n  vec4 cc_cameraPos;\n\n  vec4 cc_exposure;\n\n  vec4 cc_mainLitDir;\n\n  vec4 cc_mainLitColor;\n\n  vec4 cc_ambientSky;\n\n  vec4 cc_ambientGround;\n\n};\nuniform CCLocal {\n  highp mat4 cc_matWorld;\n  mat4 cc_matWorldIT;\n};\n\nin vec3 a_position;\n\nout vec4 wposition;\n\nvec4 vert () {\n  vec4 pos = vec4(a_position, 1);\n  wposition = cc_matWorld * pos;\n  wposition.y += 0.01;\n  pos = cc_matViewProj * wposition;\n\n  return pos;\n}\n\nvoid main() { gl_Position = vert(); }\n",
        "frag": "\nprecision mediump float;\nuniform CCGlobal {\n  vec4 cc_time;\n\n  vec4 cc_screenSize;\n\n  vec4 cc_screenScale;\n\n  vec4 cc_nativeSize;\n\n  mat4 cc_matView;\n\n  mat4 cc_matViewInv;\n\n  mat4 cc_matProj;\n\n  mat4 cc_matProjInv;\n\n  mat4 cc_matViewProj;\n\n  mat4 cc_matViewProjInv;\n\n  vec4 cc_cameraPos;\n\n  vec4 cc_exposure;\n\n  vec4 cc_mainLitDir;\n\n  vec4 cc_mainLitColor;\n\n  vec4 cc_ambientSky;\n\n  vec4 cc_ambientGround;\n\n};\n\nvec3 SRGBToLinear(vec3 gamma)\n{\n\treturn pow(gamma, vec3(2.2));\n\n}\n\nvec3 LinearToSRGB(vec3 linear)\n{\n\treturn pow(linear, vec3(0.454545));\n\n}\n\nvec4 CCFragOutput(vec4 color) {\n  #if CC_USE_HDR\n    color.rgb = mix(color.rgb, SRGBToLinear(color.rgb) * cc_exposure.w, vec3(cc_exposure.z));\n\t#endif\n\treturn color;\n}\n\nin vec4 wposition;\n\nuniform TexCoords {\n  vec4 BrushPos;\n  vec4 BrushParams;\n};\n\nvec4 frag () {\n  float Radius = BrushParams.x;\n  float Falloff = BrushParams.y;\n  float Distance = length(wposition.xz - BrushPos.xz);\n\n  float k = 0.0;\n  #if LINEAR\n    if (Distance <= Radius) {\n      k = 1.0;\n    }\n    else if (Distance > Radius + Falloff) {\n      k = 0.0;\n    }\n    else {\n      k = max(0.0, 1.0 - (Distance - Radius) / Falloff);\n    }\n  #elif SMOOTH\n    if (Distance <= Radius) {\n      k = 1.0;\n    }\n    else if (Distance > Radius + Falloff) {\n      k = 0.0;\n    }\n    else {\n      float y = (Distance - Radius) / Falloff;\n      k = sqrt(1.0 - y * y);\n    }\n  #elif SPHERICAL\n    if (Distance <= Radius) {\n      k = 1.0;\n    }\n    else if (Distance > Radius + Falloff) {\n      k = 0.0;\n    }\n    else {\n      k = max(0.0, 1.0 - (Distance - Radius) / Falloff);\n    }\n\n    k = k*k*(3 - 2 * k);\n  #elif TIP\n    if (Distance <= Radius) {\n      k = 1.0;\n    }\n    else if (Distance > Radius + Falloff) {\n      k = 0.0;\n    }\n    else {\n      float y = (Falloff + Radius - Distance) / Falloff;\n\n      k = 1.0 - sqrt(1.0 - y * y);\n    }\n  #endif\n\n  vec4 color = vec4(0, 0, 0, 0);\n  color.rgb = vec3(100, 100, 135) / 255.0;\n  color.a = 0.85 * k;\n\n  return CCFragOutput(color);\n}\n\nout vec4 cc_FragColor;\nvoid main() { cc_FragColor = frag(); }\n"
      },
      "glsl1": {
        "vert": "\nprecision mediump float;\nuniform mat4 cc_matViewProj;\nuniform highp mat4 cc_matWorld;\n\nattribute vec3 a_position;\n\nvarying vec4 wposition;\n\nvec4 vert () {\n  vec4 pos = vec4(a_position, 1);\n  wposition = cc_matWorld * pos;\n  wposition.y += 0.01;\n  pos = cc_matViewProj * wposition;\n\n  return pos;\n}\n\nvoid main() { gl_Position = vert(); }\n",
        "frag": "\nprecision mediump float;\nuniform vec4 cc_exposure;\n\nvec3 SRGBToLinear(vec3 gamma)\n{\n\treturn pow(gamma, vec3(2.2));\n\n}\n\nvec3 LinearToSRGB(vec3 linear)\n{\n\treturn pow(linear, vec3(0.454545));\n\n}\n\nvec4 CCFragOutput(vec4 color) {\n  #if CC_USE_HDR\n    color.rgb = mix(color.rgb, SRGBToLinear(color.rgb) * cc_exposure.w, vec3(cc_exposure.z));\n\t#endif\n\treturn color;\n}\n\nvarying vec4 wposition;\n\nuniform vec4 BrushPos;\nuniform vec4 BrushParams;\n\nvec4 frag () {\n  float Radius = BrushParams.x;\n  float Falloff = BrushParams.y;\n  float Distance = length(wposition.xz - BrushPos.xz);\n\n  float k = 0.0;\n  #if LINEAR\n    if (Distance <= Radius) {\n      k = 1.0;\n    }\n    else if (Distance > Radius + Falloff) {\n      k = 0.0;\n    }\n    else {\n      k = max(0.0, 1.0 - (Distance - Radius) / Falloff);\n    }\n  #elif SMOOTH\n    if (Distance <= Radius) {\n      k = 1.0;\n    }\n    else if (Distance > Radius + Falloff) {\n      k = 0.0;\n    }\n    else {\n      float y = (Distance - Radius) / Falloff;\n      k = sqrt(1.0 - y * y);\n    }\n  #elif SPHERICAL\n    if (Distance <= Radius) {\n      k = 1.0;\n    }\n    else if (Distance > Radius + Falloff) {\n      k = 0.0;\n    }\n    else {\n      k = max(0.0, 1.0 - (Distance - Radius) / Falloff);\n    }\n\n    k = k*k*(3 - 2 * k);\n  #elif TIP\n    if (Distance <= Radius) {\n      k = 1.0;\n    }\n    else if (Distance > Radius + Falloff) {\n      k = 0.0;\n    }\n    else {\n      float y = (Falloff + Radius - Distance) / Falloff;\n\n      k = 1.0 - sqrt(1.0 - y * y);\n    }\n  #endif\n\n  vec4 color = vec4(0, 0, 0, 0);\n  color.rgb = vec3(100, 100, 135) / 255.0;\n  color.a = 0.85 * k;\n\n  return CCFragOutput(color);\n}\n\nvoid main() { gl_FragColor = frag(); }\n"
      },
      "builtins": {
        "globals": {
          "blocks": [
            {
              "name": "CCGlobal",
              "defines": []
            }
          ],
          "samplers": []
        },
        "locals": {
          "blocks": [
            {
              "name": "CCLocal",
              "defines": []
            }
          ],
          "samplers": []
        }
      },
      "defines": [
        {
          "name": "CC_USE_HDR",
          "type": "boolean",
          "defines": []
        },
        {
          "name": "LINEAR",
          "type": "boolean",
          "defines": []
        },
        {
          "name": "SMOOTH",
          "type": "boolean",
          "defines": []
        },
        {
          "name": "SPHERICAL",
          "type": "boolean",
          "defines": []
        },
        {
          "name": "TIP",
          "type": "boolean",
          "defines": []
        }
      ],
      "blocks": [
        {
          "name": "TexCoords",
          "members": [
            {
              "name": "BrushPos",
              "type": 16,
              "count": 1
            },
            {
              "name": "BrushParams",
              "type": 16,
              "count": 1
            }
          ],
          "defines": [],
          "binding": 0
        }
      ],
      "samplers": [],
      "dependencies": {},
      "name": "editor/terrain-circle-brush|terrain-brush-vs:vert|terrain-brush-fs:frag"
    }
  ],
  "combinations": []
}