[{"__type__":"cc.SceneAsset","_name":"","_objFlags":0,"_native":"","scene":{"__id__":1},"asyncLoadAssets":false},{"__type__":"cc.Scene","_name":"","_objFlags":0,"_parent":null,"_children":[{"__id__":2},{"__id__":4}],"_active":true,"_components":[],"_prefab":null,"_lpos":{"__type__":"cc.Vec3","x":0,"y":0,"z":0},"_lrot":{"__type__":"cc.Quat","x":0,"y":0,"z":0,"w":1},"_lscale":{"__type__":"cc.Vec3","x":1,"y":1,"z":1},"_layer":1,"_euler":{"__type__":"cc.Vec3","x":0,"y":0,"z":0},"autoReleaseAssets":false,"_globals":{"__id__":6},"_id":"f46876e4-e81b-4931-b493-6d367be385e7"},{"__type__":"cc.Node","_name":"Main Light","_objFlags":0,"_parent":{"__id__":1},"_children":[],"_active":true,"_components":[{"__id__":3}],"_prefab":null,"_lpos":{"__type__":"cc.Vec3","x":0,"y":0,"z":0},"_lrot":{"__type__":"cc.Quat","x":0,"y":0,"z":0,"w":1},"_lscale":{"__type__":"cc.Vec3","x":1,"y":1,"z":1},"_layer":1,"_euler":{"__type__":"cc.Vec3","x":0,"y":0,"z":0},"_id":"c0y6F5f+pAvI805TdmxIjx"},{"__type__":"cc.DirectionalLightComponent","_name":"","_objFlags":0,"node":{"__id__":2},"_enabled":true,"_color":{"__type__":"cc.Color","r":255,"g":255,"b":255,"a":255},"_useColorTemperature":false,"_colorTemperature":6550,"_illuminance":65000,"_id":"597uMYCbhEtJQc0ffJlcgA"},{"__type__":"cc.Node","_name":"Camera","_objFlags":0,"_parent":{"__id__":1},"_children":[],"_active":true,"_components":[{"__id__":5}],"_prefab":null,"_lpos":{"__type__":"cc.Vec3","x":0,"y":0,"z":0},"_lrot":{"__type__":"cc.Quat","x":0,"y":0,"z":0,"w":1},"_lscale":{"__type__":"cc.Vec3","x":1,"y":1,"z":1},"_layer":1,"_euler":{"__type__":"cc.Vec3","x":0,"y":0,"z":0},"_id":"c9DMICJLFO5IeO07EPon7U"},{"__type__":"cc.CameraComponent","_name":"","_objFlags":0,"node":{"__id__":4},"_enabled":true,"_projection":1,"_priority":0,"_fov":45,"_orthoHeight":10,"_near":1,"_far":1000,"_color":{"__type__":"cc.Color","r":51,"g":76,"b":120,"a":255},"_depth":1,"_stencil":0,"_clearFlags":7,"_rect":{"__type__":"cc.Rect","x":0,"y":0,"width":1,"height":1},"_screenScale":1,"_visibility":1610612736,"_targetTexture":null,"_id":"7dWQTpwS5LrIHnc1zAPUtf"},{"__type__":"cc.SceneGlobals","ambient":{"__id__":7},"skybox":{"__id__":8},"planarShadows":{"__id__":9}},{"__type__":"cc.AmbientInfo","_skyColor":{"__type__":"cc.Color","r":51,"g":128,"b":204,"a":1},"_skyIllum":20000,"_groundAlbedo":{"__type__":"cc.Color","r":51,"g":51,"b":51,"a":255}},{"__type__":"cc.SkyboxInfo","_envmap":null,"_isRGBE":false,"_enabled":false,"_useIBL":false},{"__type__":"cc.PlanarShadowInfo","_enabled":false,"_normal":{"__type__":"cc.Vec3","x":0,"y":1,"z":0},"_distance":0,"_shadowColor":{"__type__":"cc.Color","r":0,"g":0,"b":0,"a":76}}]